case,repetition,condition,elapsed_ms,request_bytes,response_bytes
ko-md-10,0,direct,0.7278330000000324,0,0
ko-md-10,0,mcp,0.8832090000000221,204,1648
ko-md-10,1,mcp,0.8680410000000052,204,1648
ko-md-10,1,direct,0.7342919999999822,0,0
ko-md-10,2,direct,0.7776670000000081,0,0
ko-md-10,2,mcp,0.9667499999999905,205,1649
ko-md-10,3,mcp,0.7929579999999987,205,1649
ko-md-10,3,direct,0.8148330000000215,0,0
ko-md-10,4,direct,0.8265409999999633,0,0
ko-md-10,4,mcp,0.7910420000000045,205,1649
ko-md-10,5,mcp,0.7827499999999645,205,1649
ko-md-10,5,direct,0.7074589999999716,0,0
ko-md-10,6,direct,0.6422089999999798,0,0
ko-md-10,6,mcp,0.7627909999999929,205,1649
ko-md-10,7,mcp,0.8939589999999953,205,1649
ko-md-10,7,direct,0.6905419999999935,0,0
ko-md-10,8,direct,0.650333000000046,0,0
ko-md-10,8,mcp,0.7613749999999868,205,1649
ko-md-10,9,mcp,0.7479589999999803,205,1649
ko-md-10,9,direct,0.676290999999992,0,0
ko-md-10,10,direct,0.9077500000000214,0,0
ko-md-10,10,mcp,1.031000000000006,205,1649
ko-md-10,11,mcp,0.7875419999999735,205,1649
ko-md-10,11,direct,0.8102499999999964,0,0
ko-md-10,12,direct,0.6386669999999981,0,0
ko-md-10,12,mcp,0.7738330000000246,205,1648
ko-md-10,13,mcp,0.6914160000000038,205,1649
ko-md-10,13,direct,0.6917499999999563,0,0
ko-md-10,14,direct,0.6460410000000252,0,0
ko-md-10,14,mcp,0.6732079999999883,205,1648
ko-md-10,15,mcp,0.8159580000000233,205,1649
ko-md-10,15,direct,0.7691669999999817,0,0
ko-md-10,16,direct,0.7541250000000446,0,0
ko-md-10,16,mcp,0.725750000000005,205,1649
ko-md-10,17,mcp,0.6861660000000143,205,1649
ko-md-10,17,direct,0.6242499999999609,0,0
ko-md-10,18,direct,0.5979999999999563,0,0
ko-md-10,18,mcp,0.8844169999999849,205,1649
ko-md-10,19,mcp,0.7675830000000019,205,1648
ko-md-10,19,direct,0.7417499999999677,0,0
ko-xlsx-10,0,direct,3.5644999999999527,0,0
ko-xlsx-10,0,mcp,3.7685410000000275,206,1650
ko-xlsx-10,1,mcp,3.2779580000000124,206,1650
ko-xlsx-10,1,direct,3.796707999999967,0,0
ko-xlsx-10,2,direct,3.4184169999999767,0,0
ko-xlsx-10,2,mcp,3.5939590000000408,207,1651
ko-xlsx-10,3,mcp,3.1649999999999636,207,1651
ko-xlsx-10,3,direct,3.4413749999999936,0,0
ko-xlsx-10,4,direct,3.4588750000000346,0,0
ko-xlsx-10,4,mcp,4.152415999999903,207,1651
ko-xlsx-10,5,mcp,2.926708000000076,207,1651
ko-xlsx-10,5,direct,2.974458000000027,0,0
ko-xlsx-10,6,direct,2.960042000000044,0,0
ko-xlsx-10,6,mcp,3.310374999999908,207,1651
ko-xlsx-10,7,mcp,3.2685000000000173,207,1651
ko-xlsx-10,7,direct,3.05925000000002,0,0
ko-xlsx-10,8,direct,2.7038330000000315,0,0
ko-xlsx-10,8,mcp,3.1900000000000546,207,1651
ko-xlsx-10,9,mcp,2.9335419999999885,207,1651
ko-xlsx-10,9,direct,3.402832999999987,0,0
ko-xlsx-10,10,direct,2.645208000000025,0,0
ko-xlsx-10,10,mcp,2.9549590000000308,207,1650
ko-xlsx-10,11,mcp,2.7161250000000337,207,1651
ko-xlsx-10,11,direct,2.7231669999999895,0,0
ko-xlsx-10,12,direct,2.5934159999999338,0,0
ko-xlsx-10,12,mcp,2.9729169999999385,207,1651
ko-xlsx-10,13,mcp,2.5745419999999513,207,1651
ko-xlsx-10,13,direct,2.6832920000000513,0,0
ko-xlsx-10,14,direct,2.307042000000024,0,0
ko-xlsx-10,14,mcp,2.704666999999972,207,1650
ko-xlsx-10,15,mcp,3.1462080000000014,207,1651
ko-xlsx-10,15,direct,2.824957999999924,0,0
ko-xlsx-10,16,direct,2.8852920000000495,0,0
ko-xlsx-10,16,mcp,2.819082999999978,207,1651
ko-xlsx-10,17,mcp,2.539625000000001,207,1651
ko-xlsx-10,17,direct,2.680833000000007,0,0
ko-xlsx-10,18,direct,2.5411249999999654,0,0
ko-xlsx-10,18,mcp,3.224333999999999,207,1651
ko-xlsx-10,19,mcp,2.7609580000000733,207,1651
ko-xlsx-10,19,direct,2.665791000000013,0,0
ko-md-100,0,direct,6.1410829999999805,0,0
ko-md-100,0,mcp,6.561250000000086,205,1989
ko-md-100,1,mcp,7.166082999999958,205,1989
ko-md-100,1,direct,7.609750000000076,0,0
ko-md-100,2,direct,6.029291999999941,0,0
ko-md-100,2,mcp,7.331083000000035,206,1990
ko-md-100,3,mcp,12.717624999999998,206,1990
ko-md-100,3,direct,6.902458000000024,0,0
ko-md-100,4,direct,6.653625000000034,0,0
ko-md-100,4,mcp,9.796959000000015,206,1989
ko-md-100,5,mcp,7.457416999999964,206,1990
ko-md-100,5,direct,6.571416999999997,0,0
ko-md-100,6,direct,5.613124999999968,0,0
ko-md-100,6,mcp,6.724458000000027,206,1990
ko-md-100,7,mcp,6.337415999999962,206,1990
ko-md-100,7,direct,5.457209000000034,0,0
ko-md-100,8,direct,5.793291999999951,0,0
ko-md-100,8,mcp,6.25912500000004,206,1989
ko-md-100,9,mcp,6.370124999999916,206,1989
ko-md-100,9,direct,5.642458000000033,0,0
ko-md-100,10,direct,5.126333999999929,0,0
ko-md-100,10,mcp,5.840667000000053,206,1990
ko-md-100,11,mcp,5.931290999999987,206,1990
ko-md-100,11,direct,5.727082999999993,0,0
ko-md-100,12,direct,6.296082999999953,0,0
ko-md-100,12,mcp,5.666832999999997,206,1990
ko-md-100,13,mcp,6.620499999999993,206,1990
ko-md-100,13,direct,6.8559999999999945,0,0
ko-md-100,14,direct,5.7827499999999645,0,0
ko-md-100,14,mcp,7.215249999999969,206,1990
ko-md-100,15,mcp,6.090417000000002,206,1990
ko-md-100,15,direct,5.791000000000054,0,0
ko-md-100,16,direct,6.404124999999908,0,0
ko-md-100,16,mcp,5.84862499999997,206,1990
ko-md-100,17,mcp,6.230833000000075,206,1990
ko-md-100,17,direct,6.078875000000039,0,0
ko-md-100,18,direct,5.258082999999942,0,0
ko-md-100,18,mcp,6.5722090000000435,206,1990
ko-md-100,19,mcp,5.876500000000078,206,1990
ko-md-100,19,direct,5.24091599999997,0,0
ko-xlsx-100,0,direct,7.598167000000103,0,0
ko-xlsx-100,0,mcp,11.24304200000006,207,1991
ko-xlsx-100,1,mcp,10.431667000000061,207,1991
ko-xlsx-100,1,direct,8.040957999999819,0,0
ko-xlsx-100,2,direct,7.38675000000012,0,0
ko-xlsx-100,2,mcp,10.190083999999842,208,1992
ko-xlsx-100,3,mcp,9.301375000000007,208,1992
ko-xlsx-100,3,direct,9.10791600000016,0,0
ko-xlsx-100,4,direct,7.530459000000064,0,0
ko-xlsx-100,4,mcp,9.851167000000032,208,1992
ko-xlsx-100,5,mcp,8.692334000000074,208,1990
ko-xlsx-100,5,direct,7.98762499999998,0,0
ko-xlsx-100,6,direct,7.135999999999967,0,0
ko-xlsx-100,6,mcp,13.639417000000094,208,1992
ko-xlsx-100,7,mcp,10.256624999999985,208,1992
ko-xlsx-100,7,direct,12.393540999999914,0,0
ko-xlsx-100,8,direct,13.219875000000002,0,0
ko-xlsx-100,8,mcp,25.11633299999994,208,1993
ko-xlsx-100,9,mcp,9.335209000000077,208,1992
ko-xlsx-100,9,direct,7.989958999999999,0,0
ko-xlsx-100,10,direct,7.380625000000009,0,0
ko-xlsx-100,10,mcp,10.854417000000012,208,1991
ko-xlsx-100,11,mcp,9.465874999999869,208,1992
ko-xlsx-100,11,direct,9.052458999999999,0,0
ko-xlsx-100,12,direct,7.20879200000013,0,0
ko-xlsx-100,12,mcp,9.426792000000205,208,1992
ko-xlsx-100,13,mcp,7.949333000000024,208,1992
ko-xlsx-100,13,direct,7.510416999999961,0,0
ko-xlsx-100,14,direct,7.3904999999999745,0,0
ko-xlsx-100,14,mcp,10.474833999999873,208,1992
ko-xlsx-100,15,mcp,7.522125000000187,208,1992
ko-xlsx-100,15,direct,8.579167000000098,0,0
ko-xlsx-100,16,direct,7.885667000000012,0,0
ko-xlsx-100,16,mcp,8.0646670000001,208,1992
ko-xlsx-100,17,mcp,8.867165999999997,208,1992
ko-xlsx-100,17,direct,7.980583999999908,0,0
ko-xlsx-100,18,direct,7.561832999999979,0,0
ko-xlsx-100,18,mcp,8.507874999999785,208,1991
ko-xlsx-100,19,mcp,8.75974999999994,208,1991
ko-xlsx-100,19,direct,7.412958000000117,0,0
ko-md-1000,0,direct,49.25004199999967,0,0
ko-md-1000,0,mcp,58.11779200000001,206,2000
ko-md-1000,1,mcp,52.27587500000027,206,1999
ko-md-1000,1,direct,53.654957999999624,0,0
ko-md-1000,2,direct,60.4953330000003,0,0
ko-md-1000,2,mcp,54.13004200000023,207,2001
ko-md-1000,3,mcp,52.94687500000009,207,2000
ko-md-1000,3,direct,53.41358300000002,0,0
ko-md-1000,4,direct,57.571750000000065,0,0
ko-md-1000,4,mcp,55.42366700000002,207,2001
ko-md-1000,5,mcp,54.099083000000064,207,2001
ko-md-1000,5,direct,62.0046669999997,0,0
ko-md-1000,6,direct,53.952000000000226,0,0
ko-md-1000,6,mcp,54.18558299999995,207,2000
ko-md-1000,7,mcp,54.1427920000001,207,2001
ko-md-1000,7,direct,54.44875000000002,0,0
ko-md-1000,8,direct,55.88987499999985,0,0
ko-md-1000,8,mcp,58.250082999999904,207,2001
ko-md-1000,9,mcp,54.67833299999984,207,2001
ko-md-1000,9,direct,53.102750000000015,0,0
ko-md-1000,10,direct,54.5515419999997,0,0
ko-md-1000,10,mcp,54.41383300000007,207,2001
ko-md-1000,11,mcp,53.621124999999665,207,2001
ko-md-1000,11,direct,54.18529099999978,0,0
ko-md-1000,12,direct,54.21362500000032,0,0
ko-md-1000,12,mcp,57.302916000000096,207,2001
ko-md-1000,13,mcp,79.27499999999964,207,2001
ko-md-1000,13,direct,63.425459000000046,0,0
ko-md-1000,14,direct,54.19658299999992,0,0
ko-md-1000,14,mcp,56.01974999999993,207,2001
ko-md-1000,15,mcp,54.75154199999997,207,2001
ko-md-1000,15,direct,54.0451250000001,0,0
ko-md-1000,16,direct,53.89229199999954,0,0
ko-md-1000,16,mcp,54.660125000000335,207,2001
ko-md-1000,17,mcp,57.95316600000024,207,2001
ko-md-1000,17,direct,58.91095799999948,0,0
ko-md-1000,18,direct,61.66033299999981,0,0
ko-md-1000,18,mcp,54.761874999999236,207,2001
ko-md-1000,19,mcp,54.12066699999923,207,2001
ko-md-1000,19,direct,53.577290999999605,0,0
ko-xlsx-1000,0,direct,80.16808299999957,0,0
ko-xlsx-1000,0,mcp,116.58558300000004,208,2002
ko-xlsx-1000,1,mcp,85.72341700000015,208,2002
ko-xlsx-1000,1,direct,91.50704200000018,0,0
ko-xlsx-1000,2,direct,86.59979199999998,0,0
ko-xlsx-1000,2,mcp,90.55054199999995,209,2003
ko-xlsx-1000,3,mcp,83.23958399999992,209,2003
ko-xlsx-1000,3,direct,81.66470800000025,0,0
ko-xlsx-1000,4,direct,93.12354099999993,0,0
ko-xlsx-1000,4,mcp,79.99112499999956,209,2003
ko-xlsx-1000,5,mcp,92.60808399999951,209,2003
ko-xlsx-1000,5,direct,74.54020799999944,0,0
ko-xlsx-1000,6,direct,73.01170900000034,0,0
ko-xlsx-1000,6,mcp,82.97595899999942,209,2003
ko-xlsx-1000,7,mcp,86.77966699999979,209,2003
ko-xlsx-1000,7,direct,77.66570800000045,0,0
ko-xlsx-1000,8,direct,79.02241700000013,0,0
ko-xlsx-1000,8,mcp,82.10012499999993,209,2003
ko-xlsx-1000,9,mcp,81.93712500000038,209,2003
ko-xlsx-1000,9,direct,82.28120799999942,0,0
ko-xlsx-1000,10,direct,77.01516700000047,0,0
ko-xlsx-1000,10,mcp,82.81166700000085,209,2003
ko-xlsx-1000,11,mcp,89.21354200000042,209,2003
ko-xlsx-1000,11,direct,73.35687499999949,0,0
ko-xlsx-1000,12,direct,72.48958399999992,0,0
ko-xlsx-1000,12,mcp,91.30516700000044,209,2003
ko-xlsx-1000,13,mcp,81.60566699999981,209,2003
ko-xlsx-1000,13,direct,74.67658399999982,0,0
ko-xlsx-1000,14,direct,74.27400000000034,0,0
ko-xlsx-1000,14,mcp,87.97166599999946,209,2003
ko-xlsx-1000,15,mcp,84.36458299999958,209,2002
ko-xlsx-1000,15,direct,73.4965000000002,0,0
ko-xlsx-1000,16,direct,90.21283399999902,0,0
ko-xlsx-1000,16,mcp,80.76733299999978,209,2002
ko-xlsx-1000,17,mcp,80.03891599999952,209,2003
ko-xlsx-1000,17,direct,76.94233399999939,0,0
ko-xlsx-1000,18,direct,77.10870900000009,0,0
ko-xlsx-1000,18,mcp,119.92195800000081,209,2003
ko-xlsx-1000,19,mcp,87.1193749999984,209,2003
ko-xlsx-1000,19,direct,73.77545900000041,0,0
en-md-10,0,direct,0.692417000000205,0,0
en-md-10,0,mcp,0.9782079999986308,204,1719
en-md-10,1,mcp,1.04254199999923,204,1719
en-md-10,1,direct,0.6785839999993186,0,0
en-md-10,2,direct,0.637124999999287,0,0
en-md-10,2,mcp,0.8234579999989364,205,1720
en-md-10,3,mcp,0.8609169999999722,205,1720
en-md-10,3,direct,0.6902500000014697,0,0
en-md-10,4,direct,0.6665830000001733,0,0
en-md-10,4,mcp,0.8913329999995767,205,1720
en-md-10,5,mcp,0.8595420000001468,205,1720
en-md-10,5,direct,0.7237500000010186,0,0
en-md-10,6,direct,0.739000000001397,0,0
en-md-10,6,mcp,0.8537910000013653,205,1720
en-md-10,7,mcp,0.843790999999328,205,1720
en-md-10,7,direct,0.6882089999999152,0,0
en-md-10,8,direct,0.6532079999997222,0,0
en-md-10,8,mcp,0.7959590000009484,205,1720
en-md-10,9,mcp,0.7614580000008573,205,1720
en-md-10,9,direct,0.6791659999998956,0,0
en-md-10,10,direct,0.6777079999992566,0,0
en-md-10,10,mcp,0.7947079999994457,205,1719
en-md-10,11,mcp,0.859334000000672,205,1720
en-md-10,11,direct,0.6540829999994457,0,0
en-md-10,12,direct,0.652749999999287,0,0
en-md-10,12,mcp,0.7869169999994483,205,1720
en-md-10,13,mcp,0.7487920000003214,205,1720
en-md-10,13,direct,0.7132500000006985,0,0
en-md-10,14,direct,0.6795409999995172,0,0
en-md-10,14,mcp,0.8325410000015836,205,1719
en-md-10,15,mcp,0.8296250000003056,205,1720
en-md-10,15,direct,0.6607919999987644,0,0
en-md-10,16,direct,0.7439999999987776,0,0
en-md-10,16,mcp,0.789375000000291,205,1720
en-md-10,17,mcp,0.747957999999926,205,1720
en-md-10,17,direct,0.6512090000014723,0,0
en-md-10,18,direct,0.6401249999998981,0,0
en-md-10,18,mcp,0.7800829999996495,205,1720
en-md-10,19,mcp,0.828125,205,1720
en-md-10,19,direct,0.6497500000004948,0,0
en-xlsx-10,0,direct,2.6629159999993135,0,0
en-xlsx-10,0,mcp,3.5555420000000595,206,1721
en-xlsx-10,1,mcp,3.3019160000003467,206,1721
en-xlsx-10,1,direct,2.6560840000001917,0,0
en-xlsx-10,2,direct,2.5987500000010186,0,0
en-xlsx-10,2,mcp,3.492000000000189,207,1722
en-xlsx-10,3,mcp,3.1230000000014115,207,1722
en-xlsx-10,3,direct,2.382292000000234,0,0
en-xlsx-10,4,direct,2.2191249999996217,0,0
en-xlsx-10,4,mcp,3.518292000000656,207,1722
en-xlsx-10,5,mcp,3.5443750000013097,207,1721
en-xlsx-10,5,direct,2.58404100000007,0,0
en-xlsx-10,6,direct,2.3632500000003347,0,0
en-xlsx-10,6,mcp,2.9170000000012806,207,1722
en-xlsx-10,7,mcp,2.8494170000012673,207,1721
en-xlsx-10,7,direct,2.55304199999955,0,0
en-xlsx-10,8,direct,2.3459170000005543,0,0
en-xlsx-10,8,mcp,3.233125000000655,207,1722
en-xlsx-10,9,mcp,2.7190840000002936,207,1722
en-xlsx-10,9,direct,2.4538330000013957,0,0
en-xlsx-10,10,direct,2.28112499999952,0,0
en-xlsx-10,10,mcp,2.9907919999986916,207,1722
en-xlsx-10,11,mcp,2.981667000000016,207,1722
en-xlsx-10,11,direct,2.6509580000001733,0,0
en-xlsx-10,12,direct,2.35425000000032,0,0
en-xlsx-10,12,mcp,2.7910420000007434,207,1722
en-xlsx-10,13,mcp,2.617333999998664,207,1722
en-xlsx-10,13,direct,2.5279999999984284,0,0
en-xlsx-10,14,direct,2.4520840000004682,0,0
en-xlsx-10,14,mcp,2.972708999999668,207,1722
en-xlsx-10,15,mcp,2.759208999999828,207,1722
en-xlsx-10,15,direct,2.4470409999994445,0,0
en-xlsx-10,16,direct,2.159417000000758,0,0
en-xlsx-10,16,mcp,2.967333000000508,207,1722
en-xlsx-10,17,mcp,3.3199579999982234,207,1722
en-xlsx-10,17,direct,2.659250000000611,0,0
en-xlsx-10,18,direct,2.134875000001557,0,0
en-xlsx-10,18,mcp,3.0087920000005397,207,1722
en-xlsx-10,19,mcp,2.627875000000131,207,1722
en-xlsx-10,19,direct,2.3508340000007593,0,0
en-md-100,0,direct,5.999041999999463,0,0
en-md-100,0,mcp,6.703125,205,2129
en-md-100,1,mcp,6.570458000000144,205,2130
en-md-100,1,direct,6.3819579999999405,0,0
en-md-100,2,direct,6.550792000000001,0,0
en-md-100,2,mcp,8.383125000000291,206,2130
en-md-100,3,mcp,7.15154099999927,206,2130
en-md-100,3,direct,5.92816700000003,0,0
en-md-100,4,direct,6.2662080000009155,0,0
en-md-100,4,mcp,6.427208999999493,206,2131
en-md-100,5,mcp,6.477000000000771,206,2131
en-md-100,5,direct,5.88524999999936,0,0
en-md-100,6,direct,5.785124999998516,0,0
en-md-100,6,mcp,6.629000000000815,206,2131
en-md-100,7,mcp,6.104291999999987,206,2131
en-md-100,7,direct,5.809708000000683,0,0
en-md-100,8,direct,6.025541999999405,0,0
en-md-100,8,mcp,6.459666999999172,206,2131
en-md-100,9,mcp,6.161333999998533,206,2131
en-md-100,9,direct,6.034333999999944,0,0
en-md-100,10,direct,5.908666999999696,0,0
en-md-100,10,mcp,6.379167000000962,206,2131
en-md-100,11,mcp,6.486875000000509,206,2131
en-md-100,11,direct,5.787624999999025,0,0
en-md-100,12,direct,5.813791000000492,0,0
en-md-100,12,mcp,6.5037910000010015,206,2131
en-md-100,13,mcp,6.225000000000364,206,2131
en-md-100,13,direct,5.964249999999083,0,0
en-md-100,14,direct,5.754292000001442,0,0
en-md-100,14,mcp,7.050832999999329,206,2131
en-md-100,15,mcp,6.618583999999828,206,2131
en-md-100,15,direct,5.85308299999997,0,0
en-md-100,16,direct,5.925208999999086,0,0
en-md-100,16,mcp,6.43645800000013,206,2131
en-md-100,17,mcp,6.182332999998835,206,2131
en-md-100,17,direct,6.026291000000128,0,0
en-md-100,18,direct,5.83862500000032,0,0
en-md-100,18,mcp,6.261415999999372,206,2131
en-md-100,19,mcp,6.307749999999942,206,2131
en-md-100,19,direct,5.97320899999977,0,0
en-xlsx-100,0,direct,7.640874999999141,0,0
en-xlsx-100,0,mcp,9.993792000001122,207,2132
en-xlsx-100,1,mcp,9.802416999998968,207,2132
en-xlsx-100,1,direct,7.721790999999939,0,0
en-xlsx-100,2,direct,7.546415999999226,0,0
en-xlsx-100,2,mcp,9.595041999999012,208,2133
en-xlsx-100,3,mcp,9.146624999999403,208,2133
en-xlsx-100,3,direct,7.992416000000958,0,0
en-xlsx-100,4,direct,6.946125000000393,0,0
en-xlsx-100,4,mcp,8.984375,208,2133
en-xlsx-100,5,mcp,8.628082999999606,208,2133
en-xlsx-100,5,direct,7.907833999999639,0,0
en-xlsx-100,6,direct,7.090625000000728,0,0
en-xlsx-100,6,mcp,8.7393749999992,208,2133
en-xlsx-100,7,mcp,8.427458000000115,208,2133
en-xlsx-100,7,direct,7.989999999999782,0,0
en-xlsx-100,8,direct,7.160707999999431,0,0
en-xlsx-100,8,mcp,8.55237500000112,208,2133
en-xlsx-100,9,mcp,11.522874999998749,208,2133
en-xlsx-100,9,direct,7.73016699999971,0,0
en-xlsx-100,10,direct,7.100915999999415,0,0
en-xlsx-100,10,mcp,10.6356250000008,208,2133
en-xlsx-100,11,mcp,8.711083000000144,208,2133
en-xlsx-100,11,direct,7.511625000001004,0,0
en-xlsx-100,12,direct,7.101042000000234,0,0
en-xlsx-100,12,mcp,9.69604099999924,208,2133
en-xlsx-100,13,mcp,8.528167000000394,208,2133
en-xlsx-100,13,direct,7.758292000000438,0,0
en-xlsx-100,14,direct,7.219417000000249,0,0
en-xlsx-100,14,mcp,8.778667000000496,208,2133
en-xlsx-100,15,mcp,8.163375000000087,208,2133
en-xlsx-100,15,direct,7.47833399999945,0,0
en-xlsx-100,16,direct,7.03741699999955,0,0
en-xlsx-100,16,mcp,8.875957999998718,208,2133
en-xlsx-100,17,mcp,8.567625000001499,208,2133
en-xlsx-100,17,direct,7.44733400000041,0,0
en-xlsx-100,18,direct,7.4085420000010345,0,0
en-xlsx-100,18,mcp,8.489999999999782,208,2133
en-xlsx-100,19,mcp,8.317999999999302,208,2133
en-xlsx-100,19,direct,7.471332999999504,0,0
en-md-1000,0,direct,57.018332999999984,0,0
en-md-1000,0,mcp,59.835291999999754,206,2140
en-md-1000,1,mcp,66.50466600000073,206,2141
en-md-1000,1,direct,56.33266700000058,0,0
en-md-1000,2,direct,55.453208000000814,0,0
en-md-1000,2,mcp,58.5094169999993,207,2142
en-md-1000,3,mcp,58.20862500000112,207,2142
en-md-1000,3,direct,61.12145899999996,0,0
en-md-1000,4,direct,66.54116600000089,0,0
en-md-1000,4,mcp,60.33412500000122,207,2142
en-md-1000,5,mcp,60.48241700000108,207,2142
en-md-1000,5,direct,59.12604100000135,0,0
en-md-1000,6,direct,58.765292000000045,0,0
en-md-1000,6,mcp,63.09562499999993,207,2142
en-md-1000,7,mcp,62.204916999999114,207,2142
en-md-1000,7,direct,63.63566600000013,0,0
en-md-1000,8,direct,65.44466700000157,0,0
en-md-1000,8,mcp,62.60683300000164,207,2142
en-md-1000,9,mcp,66.09420800000044,207,2142
en-md-1000,9,direct,60.71379200000047,0,0
en-md-1000,10,direct,59.991415999998935,0,0
en-md-1000,10,mcp,61.71845899999971,207,2141
en-md-1000,11,mcp,60.14149999999972,207,2142
en-md-1000,11,direct,60.044832999999926,0,0
en-md-1000,12,direct,60.31775000000016,0,0
en-md-1000,12,mcp,61.57641599999988,207,2142
en-md-1000,13,mcp,61.566749999999956,207,2142
en-md-1000,13,direct,60.451750000000175,0,0
en-md-1000,14,direct,60.476167000000714,0,0
en-md-1000,14,mcp,62.119292000001224,207,2142
en-md-1000,15,mcp,63.02066599999853,207,2142
en-md-1000,15,direct,65.46266699999978,0,0
en-md-1000,16,direct,63.09637499999917,0,0
en-md-1000,16,mcp,62.444124999999985,207,2142
en-md-1000,17,mcp,62.07141600000068,207,2142
en-md-1000,17,direct,61.35858300000109,0,0
en-md-1000,18,direct,60.086999999999534,0,0
en-md-1000,18,mcp,63.7661250000001,207,2142
en-md-1000,19,mcp,62.25529199999983,207,2142
en-md-1000,19,direct,60.293792000000394,0,0
en-xlsx-1000,0,direct,85.19412499999999,0,0
en-xlsx-1000,0,mcp,91.38204199999927,208,2143
en-xlsx-1000,1,mcp,97.13891700000022,208,2142
en-xlsx-1000,1,direct,80.99904199999946,0,0
en-xlsx-1000,2,direct,84.38395899999887,0,0
en-xlsx-1000,2,mcp,90.95820899999853,209,2144
en-xlsx-1000,3,mcp,96.67591600000014,209,2144
en-xlsx-1000,3,direct,74.7450000000008,0,0
en-xlsx-1000,4,direct,72.81637500000033,0,0
en-xlsx-1000,4,mcp,82.47787499999868,209,2144
en-xlsx-1000,5,mcp,81.2254580000008,209,2144
en-xlsx-1000,5,direct,76.14504199999828,0,0
en-xlsx-1000,6,direct,74.11904199999844,0,0
en-xlsx-1000,6,mcp,85.26166700000067,209,2144
en-xlsx-1000,7,mcp,87.57933299999968,209,2144
en-xlsx-1000,7,direct,78.89641600000141,0,0
en-xlsx-1000,8,direct,78.41474999999991,0,0
en-xlsx-1000,8,mcp,90.007834,209,2143
en-xlsx-1000,9,mcp,101.65208299999904,209,2144
en-xlsx-1000,9,direct,81.26116700000057,0,0
en-xlsx-1000,10,direct,80.49833299999955,0,0
en-xlsx-1000,10,mcp,90.75025000000096,209,2144
en-xlsx-1000,11,mcp,91.75595799999974,209,2144
en-xlsx-1000,11,direct,109.29425000000083,0,0
en-xlsx-1000,12,direct,81.26375000000189,0,0
en-xlsx-1000,12,mcp,82.71574999999939,209,2143
en-xlsx-1000,13,mcp,81.69012500000099,209,2144
en-xlsx-1000,13,direct,84.3013749999991,0,0
en-xlsx-1000,14,direct,87.8011660000011,0,0
en-xlsx-1000,14,mcp,96.21558300000106,209,2144
en-xlsx-1000,15,mcp,86.31808300000193,209,2144
en-xlsx-1000,15,direct,85.85087500000009,0,0
en-xlsx-1000,16,direct,81.22812500000146,0,0
en-xlsx-1000,16,mcp,88.06345800000054,209,2144
en-xlsx-1000,17,mcp,92.99795799999993,209,2144
en-xlsx-1000,17,direct,85.07429199999751,0,0
en-xlsx-1000,18,direct,80.2957920000008,0,0
en-xlsx-1000,18,mcp,86.58525000000009,209,2144
en-xlsx-1000,19,mcp,84.20387500000288,209,2143
en-xlsx-1000,19,direct,84.58270800000173,0,0
